,f,a
0,-1100000.0,595.4545704321093
1,-1098925.78125,602.9296199380126
2,-1097851.5625,600.2758043513273
3,-1096777.34375,592.0881993123945
4,-1095703.125,598.1491211221633
5,-1094628.90625,609.9396335140104
6,-1093554.6875,605.4972144389204
7,-1092480.46875,597.7434193250091
8,-1091406.25,610.0607920365745
9,-1090332.03125,598.13472113533
10,-1089257.8125,601.2716570706056
11,-1088183.59375,595.6454686822127
12,-1087109.375,609.3244417086594
13,-1086035.15625,607.9238621761177
14,-1084960.9375,598.4574240851452
15,-1083886.71875,604.18486312009
16,-1082812.5,602.6151531651265
17,-1081738.28125,602.1763575053217
18,-1080664.0625,604.9421984753646
19,-1079589.84375,606.4419952772784
20,-1078515.625,599.4081853413747
21,-1077441.40625,601.1413340718049
22,-1076367.1875,605.1601990000801
23,-1075292.96875,609.4350165610392
24,-1074218.75,609.1293142252854
25,-1073144.53125,615.4079830295965
26,-1072070.3125,610.1757139415726
27,-1070996.09375,606.1190683245534
28,-1069921.875,626.6103843642595
29,-1068847.65625,620.6717717461707
30,-1067773.4375,607.5639014168285
31,-1066699.21875,614.4568997605688
32,-1065625.0,617.5046704354716
33,-1064550.78125,610.8610587004367
34,-1063476.5625,620.0353588466594
35,-1062402.34375,614.1028114804872
36,-1061328.125,616.3069934395015
37,-1060253.90625,630.8312123075542
38,-1059179.6875,613.0425412459488
39,-1058105.46875,620.3951040729187
40,-1057031.25,628.0733330448282
41,-1055957.03125,621.0084771205373
42,-1054882.8125,617.6602423160404
43,-1053808.59375,633.4580998873932
44,-1052734.375,626.4827972737198
45,-1051660.15625,632.1755514300571
46,-1050585.9375,643.3954247314359
47,-1049511.71875,643.7402313257646
48,-1048437.5,644.5990832326385
49,-1047363.28125,641.3414636649188
50,-1046289.0625,651.958679146986
51,-1045214.84375,652.219832672679
52,-1044140.625,648.6704834955398
53,-1043066.40625,654.6045827869
54,-1041992.1875,643.5613285166783
55,-1040917.96875,654.3599418537922
56,-1039843.75,654.1848134609141
57,-1038769.53125,650.8820799780276
58,-1037695.3125,664.4602561194238
59,-1036621.09375,660.7231334714139
60,-1035546.875,651.0489923918423
61,-1034472.65625,682.8452845179701
62,-1033398.4375,678.528298021846
63,-1032324.21875,652.9188270838896
64,-1031250.0,692.8444972762323
65,-1030175.78125,676.0831202568114
66,-1029101.5625,695.5356740157366
67,-1028027.34375,686.805640900042
68,-1026953.125,690.1419500862609
69,-1025878.90625,679.5313664459635
70,-1024804.6875,703.1674226346786
71,-1023730.46875,682.8937935069143
72,-1022656.25,694.3129181421268
73,-1021582.03125,698.0195620677412
74,-1020507.8125,698.9768691802061
75,-1019433.59375,702.4356494741492
76,-1018359.375,717.3365214562469
77,-1017285.15625,728.0299751916064
78,-1016210.9375,695.3824408807724
79,-1015136.71875,712.2063120996062
80,-1014062.5,715.9632234783037
81,-1012988.28125,701.1198094186053
82,-1011914.0625,720.8353016070429
83,-1010839.84375,716.2516243904984
84,-1009765.625,731.0379156212742
85,-1008691.40625,727.9781610616429
86,-1007617.1875,724.0512696900021
87,-1006542.96875,737.6041830399207
88,-1005468.75,745.2614256572336
89,-1004394.53125,745.652939821167
90,-1003320.3125,742.2824487111501
91,-1002246.09375,761.997843505322
92,-1001171.875,759.418595159442
93,-1000097.65625,757.3039157897437
94,-999023.4375,758.3210307061562
95,-997949.21875,766.0010590092003
96,-996875.0,766.2876837173577
97,-995800.78125,768.4516271074694
98,-994726.5625,782.199599961114
99,-993652.34375,786.9547762370387
100,-992578.125,786.9929106949083
101,-991503.90625,775.0049394325805
102,-990429.6875,782.261502418116
103,-989355.46875,794.4900917161639
104,-988281.25,791.6145028332401
105,-987207.03125,804.2103064318736
106,-986132.8125,807.7708673612126
107,-985058.59375,794.4144727454224
108,-983984.375,796.9659706468666
109,-982910.15625,829.836950516226
110,-981835.9375,812.466084498456
111,-980761.71875,821.1012512274699
112,-979687.5,824.6092700099131
113,-978613.28125,820.7269140937707
114,-977539.0625,818.6649988030229
115,-976464.84375,838.8194424456118
116,-975390.625,824.442991180864
117,-974316.40625,830.5906328532003
118,-973242.1875,843.7380380111747
119,-972167.96875,837.120966221264
120,-971093.75,840.6014980769016
121,-970019.53125,858.122781763771
122,-968945.3125,852.1940889364266
123,-967871.09375,875.048083896323
124,-966796.875,875.2931138111504
125,-965722.65625,873.147365619087
126,-964648.4375,877.2988816761527
127,-963574.21875,878.8510271994285
128,-962500.0,878.4456263906071
129,-961425.78125,883.5266505171984
130,-960351.5625,881.9036940756919
131,-959277.34375,905.956316576035
132,-958203.125,905.420272321873
133,-957128.90625,915.1334830620635
134,-956054.6875,904.2079668939864
135,-954980.46875,924.016815391474
136,-953906.25,922.6715643965304
137,-952832.03125,920.9665381260497
138,-951757.8125,939.3442166664164
139,-950683.59375,932.4192064988915
140,-949609.375,944.2184222264511
141,-948535.15625,939.9383769063043
142,-947460.9375,945.5697738879284
143,-946386.71875,923.6089001599055
144,-945312.5,946.6658788152598
145,-944238.28125,950.4266395919205
146,-943164.0625,956.1801320327371
147,-942089.84375,960.6083637346755
148,-941015.625,962.4143875288482
149,-939941.40625,979.0360160785826
150,-938867.1875,976.9482010662347
151,-937792.96875,994.7634768626882
152,-936718.75,972.2564790025299
153,-935644.53125,971.7442050922539
154,-934570.3125,979.7383233765248
155,-933496.09375,992.7656763225349
156,-932421.875,993.6988702997453
157,-931347.65625,1002.7909048154205
158,-930273.4375,1004.0880444221439
159,-929199.21875,1003.7617117702249
160,-928125.0,1021.1146216868705
161,-927050.78125,1020.9480575832628
162,-925976.5625,1033.7799226232974
163,-924902.34375,1021.4954298323479
164,-923828.125,1031.7852970428733
165,-922753.90625,1034.315280002218
166,-921679.6875,1056.002780427776
167,-920605.46875,1044.3051849209978
168,-919531.25,1062.0938354053221
169,-918457.03125,1053.1423310929333
170,-917382.8125,1064.932759340893
171,-916308.59375,1069.23347054471
172,-915234.375,1054.4515104176453
173,-914160.15625,1061.0347873592923
174,-913085.9375,1086.7715208207446
175,-912011.71875,1053.2253088140494
176,-910937.5,1082.1436837114384
177,-909863.28125,1098.0010732866403
178,-908789.0625,1097.3531406683524
179,-907714.84375,1092.3112142336006
180,-906640.625,1102.381093718656
181,-905566.40625,1101.7004987157886
182,-904492.1875,1108.2697033870475
183,-903417.96875,1119.0699755075898
184,-902343.75,1124.078427366817
185,-901269.53125,1120.662244201294
186,-900195.3125,1122.7789255925945
187,-899121.09375,1144.1630210954143
188,-898046.875,1159.8187868930913
189,-896972.65625,1150.498329503929
190,-895898.4375,1153.5845443368478
191,-894824.21875,1151.2882764661338
192,-893750.0,1162.5701377007836
193,-892675.78125,1171.5639343277205
194,-891601.5625,1187.9622248028704
195,-890527.34375,1168.0147009336288
196,-889453.125,1179.991212847163
197,-888378.90625,1153.4517885722603
198,-887304.6875,1190.2500990555172
199,-886230.46875,1202.8881688489178
200,-885156.25,1177.732052916551
201,-884082.03125,1198.4106177628187
202,-883007.8125,1193.0391254942504
203,-881933.59375,1215.0133900574724
204,-880859.375,1220.1130415348052
205,-879785.15625,1223.3448916721634
206,-878710.9375,1237.3401005837347
207,-877636.71875,1234.4533135450583
208,-876562.5,1243.779246651889
209,-875488.28125,1249.5527070839519
210,-874414.0625,1227.8834233103858
211,-873339.84375,1263.7746407330621
212,-872265.625,1242.468370140895
213,-871191.40625,1259.549462554518
214,-870117.1875,1239.3230752025133
215,-869042.96875,1268.8492410547492
216,-867968.75,1267.869570019947
217,-866894.53125,1257.815877538142
218,-865820.3125,1271.6338282378179
219,-864746.09375,1294.5757974165108
220,-863671.875,1285.2932686558172
221,-862597.65625,1274.1168795941028
222,-861523.4375,1286.5210885537
223,-860449.21875,1284.7583318424631
224,-859375.0,1301.4536073883285
225,-858300.78125,1287.4299354668592
226,-857226.5625,1331.3561394778471
227,-856152.34375,1296.8461171249407
228,-855078.125,1318.5139849248626
229,-854003.90625,1313.3723086142802
230,-852929.6875,1323.195125415258
231,-851855.46875,1351.0953484098948
232,-850781.25,1364.3395423204943
233,-849707.03125,1330.0232709716186
234,-848632.8125,1338.3567348644492
235,-847558.59375,1326.9391791652934
236,-846484.375,1349.251058495198
237,-845410.15625,1345.7337251804051
238,-844335.9375,1360.9886520831044
239,-843261.71875,1341.0629284052666
240,-842187.5,1363.1941968125284
241,-841113.28125,1366.1499981100199
242,-840039.0625,1370.1444268311702
243,-838964.84375,1371.388923098835
244,-837890.625,1384.3031529544967
245,-836816.40625,1404.3920360309805
246,-835742.1875,1395.083152206308
247,-834667.96875,1394.9434844279067
248,-833593.75,1413.1714464117506
249,-832519.53125,1385.896403982954
250,-831445.3125,1418.5248090790876
251,-830371.09375,1383.7535155132484
252,-829296.875,1409.9957920296965
253,-828222.65625,1406.6732059939702
254,-827148.4375,1405.5740764497746
255,-826074.21875,1442.648382721526
256,-825000.0,1427.3021491158395
257,-823925.78125,1417.000022952111
258,-822851.5625,1454.4528844910901
259,-821777.34375,1426.992026359408
260,-820703.125,1458.362224119995
261,-819628.90625,1467.5160818858642
262,-818554.6875,1441.3620661222237
263,-817480.46875,1444.0957190089769
264,-816406.25,1429.2364506766364
265,-815332.03125,1453.062925109094
266,-814257.8125,1463.8214035776127
267,-813183.59375,1462.7836603961862
268,-812109.375,1481.8357282413263
269,-811035.15625,1478.7681971539128
270,-809960.9375,1480.053561117168
271,-808886.71875,1492.605584924868
272,-807812.5,1498.5255752060439
273,-806738.28125,1514.3511607883488
274,-805664.0625,1499.074901236056
275,-804589.84375,1492.3314372136952
276,-803515.625,1483.9336272855649
277,-802441.40625,1536.6174571344372
278,-801367.1875,1512.5363740927628
279,-800292.96875,1497.0873822680653
280,-799218.75,1548.340182835765
281,-798144.53125,1504.3408485975858
282,-797070.3125,1517.7772933332901
283,-795996.09375,1494.146710712654
284,-794921.875,1547.890540906096
285,-793847.65625,1530.388514835416
286,-792773.4375,1534.1572086010442
287,-791699.21875,1526.805893768453
288,-790625.0,1559.6638001842448
289,-789550.78125,1539.9170106700153
290,-788476.5625,1549.0876948626644
291,-787402.34375,1535.1639048110878
292,-786328.125,1547.5080947804697
293,-785253.90625,1573.6405036116178
294,-784179.6875,1543.1635281562676
295,-783105.46875,1554.481164499549
296,-782031.25,1582.7306193345064
297,-780957.03125,1565.8228084575796
298,-779882.8125,1574.4737644154611
299,-778808.59375,1576.6540370396758
300,-777734.375,1553.6579834838121
301,-776660.15625,1549.032350342921
302,-775585.9375,1558.3820871910152
303,-774511.71875,1586.1462886324355
304,-773437.5,1618.0103305894268
305,-772363.28125,1571.9875337701085
306,-771289.0625,1575.2870575913144
307,-770214.84375,1590.5375661364833
308,-769140.625,1553.0304537967181
309,-768066.40625,1623.8673660582112
310,-766992.1875,1556.6147254456816
311,-765917.96875,1583.6649369551296
312,-764843.75,1623.6580299361804
313,-763769.53125,1619.2410965321262
314,-762695.3125,1602.352324175373
315,-761621.09375,1619.2953547435993
316,-760546.875,1619.9295205358162
317,-759472.65625,1616.389616219776
318,-758398.4375,1639.4345813260254
319,-757324.21875,1624.6500800004
320,-756250.0,1619.558978760087
321,-755175.78125,1622.298538266261
322,-754101.5625,1640.1709626560532
323,-753027.34375,1612.39681684108
324,-751953.125,1626.4720248605308
325,-750878.90625,1658.7410000895152
326,-749804.6875,1614.8790843384825
327,-748730.46875,1640.3250527042762
328,-747656.25,1648.3860915849284
329,-746582.03125,1633.9344353887504
330,-745507.8125,1619.7606810376246
331,-744433.59375,1633.4727665246126
332,-743359.375,1625.6952802103715
333,-742285.15625,1634.1540602998975
334,-741210.9375,1651.915674928911
335,-740136.71875,1659.3369682157509
336,-739062.5,1647.8762610692518
337,-737988.28125,1647.3895455257218
338,-736914.0625,1677.6197291933413
339,-735839.84375,1643.377775834645
340,-734765.625,1660.885086705799
341,-733691.40625,1669.810287706913
342,-732617.1875,1650.9642971295257
343,-731542.96875,1688.2554448411156
344,-730468.75,1698.6136934114363
345,-729394.53125,1623.5697488341639
346,-728320.3125,1654.7730659982813
347,-727246.09375,1682.4407977335975
348,-726171.875,1645.972948578781
349,-725097.65625,1656.4965951318545
350,-724023.4375,1686.0957610315443
351,-722949.21875,1671.423591463038
352,-721875.0,1723.7686189636904
353,-720800.78125,1661.8535102509045
354,-719726.5625,1666.4332716714462
355,-718652.34375,1662.404600435755
356,-717578.125,1731.5125207216145
357,-716503.90625,1685.3196741221982
358,-715429.6875,1700.0180932061232
359,-714355.46875,1692.7455957512566
360,-713281.25,1677.7887047844074
361,-712207.03125,1703.1864609888305
362,-711132.8125,1681.996041027762
363,-710058.59375,1679.8099290881717
364,-708984.375,1684.4804041012662
365,-707910.15625,1680.981935864564
366,-706835.9375,1698.9909618068427
367,-705761.71875,1739.7947471183315
368,-704687.5,1707.7548258092902
369,-703613.28125,1679.3064796348672
370,-702539.0625,1694.680692193302
371,-701464.84375,1683.836507624304
372,-700390.625,1683.623191064091
373,-699316.40625,1691.5624663122487
374,-698242.1875,1691.5777196163729
375,-697167.96875,1698.1799268090147
376,-696093.75,1701.5425231007614
377,-695019.53125,1717.2722023148224
378,-693945.3125,1709.7324837726437
379,-692871.09375,1727.9070833558135
380,-691796.875,1683.5027547566272
381,-690722.65625,1722.8728424249011
382,-689648.4375,1727.899882193391
383,-688574.21875,1718.7316916689672
384,-687500.0,1709.6347049957692
385,-686425.78125,1701.5032991534613
386,-685351.5625,1718.6983766478957
387,-684277.34375,1715.5238703993052
388,-683203.125,1746.7074703734406
389,-682128.90625,1716.6206821593619
390,-681054.6875,1717.0869400433883
391,-679980.46875,1707.305429159082
392,-678906.25,1721.6947756341274
393,-677832.03125,1685.6360051416323
394,-676757.8125,1709.1544034298845
395,-675683.59375,1728.1144048953142
396,-674609.375,1710.0835849993236
397,-673535.15625,1723.3760173955693
398,-672460.9375,1741.522456113061
399,-671386.71875,1706.484023837274
400,-670312.5,1712.7560174501803
401,-669238.28125,1686.2097112248048
402,-668164.0625,1706.9716458848495
403,-667089.84375,1744.5385404683734
404,-666015.625,1729.0335326230897
405,-664941.40625,1720.564598975173
406,-663867.1875,1735.8526854165245
407,-662792.96875,1701.3524466891906
408,-661718.75,1718.5770044348449
409,-660644.53125,1685.9550669868734
410,-659570.3125,1720.1191618170828
411,-658496.09375,1708.942034542662
412,-657421.875,1724.2737147963446
413,-656347.65625,1726.5653336222254
414,-655273.4375,1708.7502277042615
415,-654199.21875,1734.6262181514953
416,-653125.0,1718.460741912166
417,-652050.78125,1719.6356593540609
418,-650976.5625,1705.078648799419
419,-649902.34375,1694.7605794328033
420,-648828.125,1699.2804736284654
421,-647753.90625,1734.0839502211447
422,-646679.6875,1705.5161847520503
423,-645605.46875,1721.0916998107639
424,-644531.25,1707.021382498277
425,-643457.03125,1737.7794645862634
426,-642382.8125,1759.709119102379
427,-641308.59375,1709.8301089048628
428,-640234.375,1702.1190511629388
429,-639160.15625,1727.956336996602
430,-638085.9375,1745.5609585185643
431,-637011.71875,1716.788847151129
432,-635937.5,1705.1661025875774
433,-634863.28125,1738.0833621623062
434,-633789.0625,1686.5172963364146
435,-632714.84375,1734.7878019873292
436,-631640.625,1752.4014756292675
437,-630566.40625,1737.4011008655727
438,-629492.1875,1709.0041523189536
439,-628417.96875,1761.3790251400173
440,-627343.75,1752.1120653770286
441,-626269.53125,1700.9764697483902
442,-625195.3125,1744.1158034425798
443,-624121.09375,1710.5518439369946
444,-623046.875,1696.6778166484955
445,-621972.65625,1723.2621467725246
446,-620898.4375,1719.719983301707
447,-619824.21875,1728.9191189198211
448,-618750.0,1692.5563307685168
449,-617675.78125,1704.7431362448967
450,-616601.5625,1715.473849721802
451,-615527.34375,1701.3220131121795
452,-614453.125,1717.4081676982194
453,-613378.90625,1713.1130187942613
454,-612304.6875,1744.1517900500235
455,-611230.46875,1724.2143801819502
456,-610156.25,1700.291500397126
457,-609082.03125,1685.989107261014
458,-608007.8125,1695.8119489814337
459,-606933.59375,1677.499985324761
460,-605859.375,1698.9782756934167
461,-604785.15625,1714.174510396073
462,-603710.9375,1695.3539372807957
463,-602636.71875,1729.070265269938
464,-601562.5,1693.5983966557474
465,-600488.28125,1676.2947146356844
466,-599414.0625,1709.7435272180114
467,-598339.84375,1711.8756841592062
468,-597265.625,1710.6090188021335
469,-596191.40625,1683.1279790562041
470,-595117.1875,1679.6507345845819
471,-594042.96875,1713.942347277353
472,-592968.75,1712.5420373785012
473,-591894.53125,1718.9826424830712
474,-590820.3125,1713.1882240215928
475,-589746.09375,1721.9945464075292
476,-588671.875,1733.2210855662652
477,-587597.65625,1703.8979989276804
478,-586523.4375,1720.7812169103142
479,-585449.21875,1690.0116653883251
480,-584375.0,1690.7875507915371
481,-583300.78125,1714.691600760207
482,-582226.5625,1708.9428615177762
483,-581152.34375,1691.1065033920609
484,-580078.125,1704.0445898984585
485,-579003.90625,1705.4523988193332
486,-577929.6875,1684.3809282344141
487,-576855.46875,1679.467418691814
488,-575781.25,1697.6169398725242
489,-574707.03125,1716.902521735081
490,-573632.8125,1687.018882609702
491,-572558.59375,1695.390509912394
492,-571484.375,1677.1059259207605
493,-570410.15625,1653.942459682037
494,-569335.9375,1689.0182440281826
495,-568261.71875,1726.8342902612824
496,-567187.5,1687.2817324850325
497,-566113.28125,1679.5420324633972
498,-565039.0625,1689.514009098716
499,-563964.84375,1676.7605779229855
500,-562890.625,1683.8778652694118
501,-561816.40625,1656.1296032880061
502,-560742.1875,1695.303881210188
503,-559667.96875,1685.542077087872
504,-558593.75,1656.4469830387698
505,-557519.53125,1688.2326887671295
506,-556445.3125,1669.7606741119134
507,-555371.09375,1700.494031549931
508,-554296.875,1634.355766223953
509,-553222.65625,1667.0211891672832
510,-552148.4375,1688.4100329876198
511,-551074.21875,1654.3029811481922
512,-550000.0,1642.8495344151997
513,-548925.78125,1670.2446833942279
514,-547851.5625,1670.24942520525
515,-546777.34375,1653.1413744989256
516,-545703.125,1656.866150075434
517,-544628.90625,1651.6353131421
518,-543554.6875,1649.3808217763735
519,-542480.46875,1676.4546238054359
520,-541406.25,1668.6785453549917
521,-540332.03125,1652.4853075907658
522,-539257.8125,1647.552389729725
523,-538183.59375,1690.7201754591179
524,-537109.375,1648.5816966814054
525,-536035.15625,1643.6070336638172
526,-534960.9375,1680.230064186874
527,-533886.71875,1642.4661359858067
528,-532812.5,1664.183136476747
529,-531738.28125,1663.7446009555736
530,-530664.0625,1678.7033975690565
531,-529589.84375,1659.3756077807845
532,-528515.625,1638.9895110643936
533,-527441.40625,1675.6888913683126
534,-526367.1875,1627.971264403359
535,-525292.96875,1668.4249331965332
536,-524218.75,1631.869624292594
537,-523144.53125,1621.5907212413056
538,-522070.3125,1654.3048548332692
539,-520996.09375,1627.7777333701288
540,-519921.875,1662.2728023423983
541,-518847.65625,1647.9678523573912
542,-517773.4375,1655.6408723760485
543,-516699.21875,1638.1554325886664
544,-515625.0,1644.5458406727503
545,-514550.78125,1644.7032843726906
546,-513476.5625,1612.1157605244186
547,-512402.34375,1621.0518208683034
548,-511328.125,1676.474606782842
549,-510253.90625,1606.8057934095536
550,-509179.6875,1643.378531350603
551,-508105.46875,1647.9945337443712
552,-507031.25,1633.6629140716354
553,-505957.03125,1626.7993998986406
554,-504882.8125,1622.0476473843305
555,-503808.59375,1618.6148954478087
556,-502734.375,1624.8655080321134
557,-501660.15625,1614.6197808193365
558,-500585.9375,1618.0025706305812
559,-499511.71875,1629.8591581644725
560,-498437.5,1603.1032725375824
561,-497363.28125,1646.4999598034929
562,-496289.0625,1630.0110882050228
563,-495214.84375,1667.1298504804754
564,-494140.625,1637.9549226764314
565,-493066.40625,1604.0141439224562
566,-491992.1875,1649.485872355732
567,-490917.96875,1642.6099890949615
568,-489843.75,1627.1864302539811
569,-488769.53125,1617.9952070316228
570,-487695.3125,1612.4690021559027
571,-486621.09375,1608.3859449105873
572,-485546.875,1621.0624513342975
573,-484472.65625,1631.5977155887394
574,-483398.4375,1614.5900013438434
575,-482324.21875,1606.0228904034
576,-481250.0,1618.4894140541073
577,-480175.78125,1591.3983843833503
578,-479101.5625,1627.2695823277484
579,-478027.34375,1592.1802537357269
580,-476953.125,1602.9127209871428
581,-475878.90625,1609.732154927241
582,-474804.6875,1626.57382682966
583,-473730.46875,1600.5284115320549
584,-472656.25,1590.5459143816452
585,-471582.03125,1605.0255407146258
586,-470507.8125,1600.2986510623703
587,-469433.59375,1586.179605665786
588,-468359.375,1588.4398950830816
589,-467285.15625,1623.765859081948
590,-466210.9375,1614.0028335665477
591,-465136.71875,1617.092422148406
592,-464062.5,1604.8045817086427
593,-462988.28125,1593.649210945728
594,-461914.0625,1626.5652059260965
595,-460839.84375,1598.8534551167133
596,-459765.625,1577.7426691891749
597,-458691.40625,1593.440678228973
598,-457617.1875,1572.1028625363197
599,-456542.96875,1578.1074848086193
600,-455468.75,1611.6567310488326
601,-454394.53125,1598.4599249599141
602,-453320.3125,1593.990591577063
603,-452246.09375,1604.13943903027
604,-451171.875,1582.2971678951105
605,-450097.65625,1584.7205328210036
606,-449023.4375,1583.9049571997944
607,-447949.21875,1605.103239599582
608,-446875.0,1571.7330772124997
609,-445800.78125,1619.5233607494529
610,-444726.5625,1618.8110978940706
611,-443652.34375,1568.1106692920157
612,-442578.125,1588.046698741537
613,-441503.90625,1582.4755109514865
614,-440429.6875,1588.469305577064
615,-439355.46875,1571.82825892679
616,-438281.25,1554.251157144139
617,-437207.03125,1583.237967641861
618,-436132.8125,1572.8718455645078
619,-435058.59375,1566.6771822459589
620,-433984.375,1600.9816578124023
621,-432910.15625,1590.999634055893
622,-431835.9375,1589.8896064458313
623,-430761.71875,1565.7656077592176
624,-429687.5,1547.2064817131047
625,-428613.28125,1580.2338763860441
626,-427539.0625,1550.4365005166683
627,-426464.84375,1584.8332446312909
628,-425390.625,1581.7521384926745
629,-424316.40625,1569.5126042085647
630,-423242.1875,1576.4541155750785
631,-422167.96875,1542.5395357542752
632,-421093.75,1576.001397284285
633,-420019.53125,1573.5993508367735
634,-418945.3125,1554.2633532111806
635,-417871.09375,1550.2913913655923
636,-416796.875,1566.1893163099326
637,-415722.65625,1589.379476143428
638,-414648.4375,1588.4532848513418
639,-413574.21875,1579.8363942481205
640,-412500.0,1584.5059477461953
641,-411425.78125,1560.115156689274
642,-410351.5625,1561.0245286303957
643,-409277.34375,1558.7859689792992
644,-408203.125,1553.5750093268891
645,-407128.90625,1552.0830705585229
646,-406054.6875,1519.3087880759856
647,-404980.46875,1575.4303084518424
648,-403906.25,1582.10944322154
649,-402832.03125,1576.6624500924574
650,-401757.8125,1554.954942551467
651,-400683.59375,1565.2965902604228
652,-399609.375,1567.2966895051072
653,-398535.15625,1563.389356325867
654,-397460.9375,1574.3670797273141
655,-396386.71875,1556.7675220128083
656,-395312.5,1557.9141601668673
657,-394238.28125,1552.1088369241652
658,-393164.0625,1574.9049228113404
659,-392089.84375,1572.093653738233
660,-391015.625,1555.55263084571
661,-389941.40625,1544.0877980479543
662,-388867.1875,1550.5098217100838
663,-387792.96875,1566.0564503180287
664,-386718.75,1550.3780878071925
665,-385644.53125,1585.8472794039835
666,-384570.3125,1541.067935189366
667,-383496.09375,1549.4696242747177
668,-382421.875,1548.2608504414318
669,-381347.65625,1589.6868308051455
670,-380273.4375,1577.4890203514335
671,-379199.21875,1532.9184949937903
672,-378125.0,1580.1131622366029
673,-377050.78125,1559.0601984947552
674,-375976.5625,1530.2402443860026
675,-374902.34375,1572.5510878009734
676,-373828.125,1551.1943227470692
677,-372753.90625,1558.7289253755
678,-371679.6875,1557.2005511206562
679,-370605.46875,1563.647758770732
680,-369531.25,1571.135422967789
681,-368457.03125,1551.7176797239501
682,-367382.8125,1564.4107203096978
683,-366308.59375,1562.3293225602822
684,-365234.375,1565.6520879104326
685,-364160.15625,1565.4083912706865
686,-363085.9375,1554.3903773208278
687,-362011.71875,1556.740279802928
688,-360937.5,1547.2993590946323
689,-359863.28125,1574.2774572414248
690,-358789.0625,1546.4062560402745
691,-357714.84375,1558.1657988293641
692,-356640.625,1562.1483425205572
693,-355566.40625,1540.5179872810866
694,-354492.1875,1539.363442660441
695,-353417.96875,1592.3475130708016
696,-352343.75,1561.5237993280346
697,-351269.53125,1566.8646860184795
698,-350195.3125,1562.1973983237917
699,-349121.09375,1552.971288297883
700,-348046.875,1584.6634669983503
701,-346972.65625,1565.0774141237407
702,-345898.4375,1558.7066504316685
703,-344824.21875,1590.1915817406195
704,-343750.0,1556.840667290012
705,-342675.78125,1582.5985601946452
706,-341601.5625,1566.9729643213234
707,-340527.34375,1572.6949575115605
708,-339453.125,1572.202552512738
709,-338378.90625,1564.6829370672508
710,-337304.6875,1572.726823803279
711,-336230.46875,1584.8395542311382
712,-335156.25,1603.325430383039
713,-334082.03125,1539.4312782823756
714,-333007.8125,1568.8083615092703
715,-331933.59375,1569.4942962558798
716,-330859.375,1526.080288032969
717,-329785.15625,1580.8634162479498
718,-328710.9375,1554.5703910974655
719,-327636.71875,1537.917174383623
720,-326562.5,1571.8089924554122
721,-325488.28125,1582.7345737373396
722,-324414.0625,1580.7877633410658
723,-323339.84375,1575.8367838703612
724,-322265.625,1573.5071484779912
725,-321191.40625,1542.644023245047
726,-320117.1875,1554.721745734506
727,-319042.96875,1578.7659143128628
728,-317968.75,1554.6457739167586
729,-316894.53125,1581.788420699182
730,-315820.3125,1565.0563198951759
731,-314746.09375,1563.1524302757014
732,-313671.875,1560.9623057916458
733,-312597.65625,1538.143854161793
734,-311523.4375,1579.7050314037217
735,-310449.21875,1555.3367438639457
736,-309375.0,1568.8363197587926
737,-308300.78125,1576.1357973549339
738,-307226.5625,1574.9614727513606
739,-306152.34375,1579.779415874593
740,-305078.125,1588.6582814243156
741,-304003.90625,1574.3502391395396
742,-302929.6875,1585.911753737504
743,-301855.46875,1581.7678887394532
744,-300781.25,1591.6761939624237
745,-299707.03125,1589.974531005403
746,-298632.8125,1578.6392637996137
747,-297558.59375,1591.7828571593084
748,-296484.375,1591.2713461328253
749,-295410.15625,1582.0750293022313
750,-294335.9375,1564.3157681303294
751,-293261.71875,1596.1664694309143
752,-292187.5,1581.158138877981
753,-291113.28125,1560.7280728308285
754,-290039.0625,1574.613956538629
755,-288964.84375,1576.1500233577058
756,-287890.625,1570.7178021093223
757,-286816.40625,1627.5356728351012
758,-285742.1875,1576.181927003076
759,-284667.96875,1578.3308103665656
760,-283593.75,1617.9263207597742
761,-282519.53125,1577.0938890270845
762,-281445.3125,1585.7322313905786
763,-280371.09375,1597.579838082079
764,-279296.875,1590.8560258457599
765,-278222.65625,1579.428185005033
766,-277148.4375,1561.5811139442828
767,-276074.21875,1589.1465464287003
768,-275000.0,1599.0340359345273
769,-273925.78125,1591.7212170551868
770,-272851.5625,1595.8263599675738
771,-271777.34375,1596.8370619210975
772,-270703.125,1609.3928401947082
773,-269628.90625,1585.8287549436045
774,-268554.6875,1611.7264500381648
775,-267480.46875,1589.4694073144008
776,-266406.25,1618.9114741263877
777,-265332.03125,1608.5867343154785
778,-264257.8125,1603.2821583580824
779,-263183.59375,1598.1920433040473
780,-262109.375,1618.7367457153714
781,-261035.15625,1637.0015971564762
782,-259960.9375,1596.1879531968368
783,-258886.71875,1610.4586850786352
784,-257812.5,1607.2633756300424
785,-256738.28125,1608.7665094772346
786,-255664.0625,1630.1037781964135
787,-254589.84375,1613.076009869579
788,-253515.625,1622.496051054845
789,-252441.40625,1603.9362276946076
790,-251367.1875,1650.3970559125985
791,-250292.96875,1621.8845183533278
792,-249218.75,1590.3772402890438
793,-248144.53125,1613.9068121081527
794,-247070.3125,1624.6531212141565
795,-245996.09375,1602.5245032120351
796,-244921.875,1627.8325441071568
797,-243847.65625,1615.110744507743
798,-242773.4375,1605.5791856180247
799,-241699.21875,1636.2036333499866
800,-240625.0,1612.2413610379808
801,-239550.78125,1589.244061003905
802,-238476.5625,1600.2644730616614
803,-237402.34375,1625.371718235937
804,-236328.125,1623.117236564019
805,-235253.90625,1631.1961711233985
806,-234179.6875,1628.8017612507747
807,-233105.46875,1627.537392602008
808,-232031.25,1604.5487889722556
809,-230957.03125,1633.2237846190528
810,-229882.8125,1646.2270623444278
811,-228808.59375,1613.8202851714582
812,-227734.375,1619.8100291873127
813,-226660.15625,1645.5008280791424
814,-225585.9375,1587.8813762572554
815,-224511.71875,1658.8443214782753
816,-223437.5,1628.8450871835205
817,-222363.28125,1631.2279782881437
818,-221289.0625,1636.5116594999547
819,-220214.84375,1634.321147199947
820,-219140.625,1627.8159887183344
821,-218066.40625,1636.8624024308722
822,-216992.1875,1632.0087829028803
823,-215917.96875,1650.6538879224634
824,-214843.75,1639.0295262267089
825,-213769.53125,1667.3418259988327
826,-212695.3125,1630.9330017303685
827,-211621.09375,1654.2945536002576
828,-210546.875,1652.1483514526951
829,-209472.65625,1632.8317556908858
830,-208398.4375,1664.0862719719576
831,-207324.21875,1666.4824211330538
832,-206250.0,1668.5088300744785
833,-205175.78125,1633.0922120134217
834,-204101.5625,1645.2718326747279
835,-203027.34375,1653.5904005699233
836,-201953.125,1638.069731468766
837,-200878.90625,1669.2314402709517
838,-199804.6875,1678.0679976292056
839,-198730.46875,1635.646461366973
840,-197656.25,1658.3172074482732
841,-196582.03125,1655.0092609077376
842,-195507.8125,1651.7209578789355
843,-194433.59375,1666.4852162331238
844,-193359.375,1660.269971593882
845,-192285.15625,1663.3601125482587
846,-191210.9375,1671.1657908362213
847,-190136.71875,1638.0107293983674
848,-189062.5,1651.871662978915
849,-187988.28125,1691.6013212777987
850,-186914.0625,1687.3966718270715
851,-185839.84375,1674.620718919396
852,-184765.625,1663.2678456980846
853,-183691.40625,1697.7063405698634
854,-182617.1875,1659.6201865064065
855,-181542.96875,1682.8866456032358
856,-180468.75,1680.2298146499347
857,-179394.53125,1701.5960008242205
858,-178320.3125,1661.3562692549197
859,-177246.09375,1658.5672625875914
860,-176171.875,1690.4104638012086
861,-175097.65625,1651.8287112661242
862,-174023.4375,1681.7643817241233
863,-172949.21875,1699.1090219199862
864,-171875.0,1693.8000161615298
865,-170800.78125,1678.4635221324115
866,-169726.5625,1706.002957438624
867,-168652.34375,1688.4243048833698
868,-167578.125,1698.5779893810056
869,-166503.90625,1647.5397027024324
870,-165429.6875,1682.2851206641342
871,-164355.46875,1681.592610463579
872,-163281.25,1726.5091812335734
873,-162207.03125,1674.0169505638974
874,-161132.8125,1676.1582324996764
875,-160058.59375,1670.1115546884407
876,-158984.375,1697.577249894763
877,-157910.15625,1702.4712289903898
878,-156835.9375,1715.075284937796
879,-155761.71875,1709.2843259606693
880,-154687.5,1685.132181913051
881,-153613.28125,1686.5177842559692
882,-152539.0625,1696.8219202155483
883,-151464.84375,1727.475513164681
884,-150390.625,1695.6055933908117
885,-149316.40625,1721.2647410411685
886,-148242.1875,1719.7533453367937
887,-147167.96875,1724.7944198901844
888,-146093.75,1723.187429895272
889,-145019.53125,1698.8091655525882
890,-143945.3125,1696.0992656829721
891,-142871.09375,1708.2269942992032
892,-141796.875,1701.587167779164
893,-140722.65625,1701.389886213033
894,-139648.4375,1707.5429476151623
895,-138574.21875,1686.8905746632327
896,-137500.0,1718.00120447443
897,-136425.78125,1706.143303459624
898,-135351.5625,1705.8070565266025
899,-134277.34375,1717.680241716399
900,-133203.125,1703.7594217916514
901,-132128.90625,1723.9906463589073
902,-131054.6875,1730.9291893484042
903,-129980.46875,1726.8822521649215
904,-128906.25,1726.7749429102764
905,-127832.03125,1712.517474016456
906,-126757.8125,1708.3959691458267
907,-125683.59375,1752.721881086123
908,-124609.375,1734.9198938611753
909,-123535.15625,1700.8294192747794
910,-122460.9375,1749.1710707427815
911,-121386.71875,1728.4833088985506
912,-120312.5,1749.8447690018024
913,-119238.28125,1703.709212666266
914,-118164.0625,1738.849743519665
915,-117089.84375,1755.3266900636133
916,-116015.625,1731.9213618998513
917,-114941.40625,1741.8126985789575
918,-113867.1875,1694.9391313847293
919,-112792.96875,1720.7571271003362
920,-111718.75,1723.099093704411
921,-110644.53125,1729.053589135956
922,-109570.3125,1711.8314936021552
923,-108496.09375,1725.8167319652791
924,-107421.875,1725.7661592452205
925,-106347.65625,1728.1994586798617
926,-105273.4375,1732.4128036866143
927,-104199.21875,1764.8626599458053
928,-103125.0,1751.9581222500508
929,-102050.78125,1765.94794821106
930,-100976.5625,1744.043099299081
931,-99902.34375,1746.0861619765108
932,-98828.125,1742.2576240105875
933,-97753.90625,1719.6849795093474
934,-96679.6875,1744.4941446983996
935,-95605.46875,1729.410372624028
936,-94531.25,1747.7798622586563
937,-93457.03125,1738.0107478309833
938,-92382.8125,1755.9874153594103
939,-91308.59375,1746.6236618056785
940,-90234.375,1744.4133142061808
941,-89160.15625,1743.0158130478908
942,-88085.9375,1776.8756692281474
943,-87011.71875,1730.2761442852068
944,-85937.5,1795.9085265806132
945,-84863.28125,1707.4802600257144
946,-83789.0625,1759.9202296916872
947,-82714.84375,1743.937165826702
948,-81640.625,1721.7879475442153
949,-80566.40625,1748.4177923324805
950,-79492.1875,1763.4961201430913
951,-78417.96875,1739.3504714368182
952,-77343.75,1745.4466790768288
953,-76269.53125,1741.3961281303036
954,-75195.3125,1731.816825250546
955,-74121.09375,1772.6408889277336
956,-73046.875,1770.998562685591
957,-71972.65625,1734.8851429963195
958,-70898.4375,1747.7281286643117
959,-69824.21875,1760.0449229016776
960,-68750.0,1772.1191071113315
961,-67675.78125,1750.2663163783927
962,-66601.5625,1757.6619604570064
963,-65527.34375,1756.1006058265455
964,-64453.125,1757.0878774396228
965,-63378.90625,1743.677050273862
966,-62304.6875,1769.8322922376062
967,-61230.46875,1765.2678412777402
968,-60156.25,1743.459713665162
969,-59082.03125,1777.2868093206148
970,-58007.8125,1768.2979028074708
971,-56933.59375,1742.3897695359956
972,-55859.375,1756.5871238680982
973,-54785.15625,1752.178456261957
974,-53710.9375,1780.5476515187688
975,-52636.71875,1749.0554170206728
976,-51562.5,1748.9383309643317
977,-50488.28125,1756.3230223796018
978,-49414.0625,1774.9912920608517
979,-48339.84375,1778.9434389207754
980,-47265.625,1777.521603397944
981,-46191.40625,1769.8522646533054
982,-45117.1875,1755.0804001072459
983,-44042.96875,1785.4556787727186
984,-42968.75,1754.2396411559525
985,-41894.53125,1777.6415853005592
986,-40820.3125,1731.1299744615794
987,-39746.09375,1772.3811454701518
988,-38671.875,1796.6489950574492
989,-37597.65625,1736.1564761256911
990,-36523.4375,1771.6844273061895
991,-35449.21875,1769.9778868409273
992,-34375.0,1786.2337255040798
993,-33300.78125,1753.6920227977853
994,-32226.5625,1749.2591098418452
995,-31152.34375,1783.4555635281972
996,-30078.125,1740.4494895602436
997,-29003.90625,1766.9272018416557
998,-27929.6875,1751.8317605050584
999,-26855.46875,1772.9764039234612
1000,-25781.25,1747.8602816171951
1001,-24707.03125,1783.3161902969964
1002,-23632.8125,1782.1643751391418
1003,-22558.59375,1741.4430521921106
1004,-21484.375,1777.1349155717928
1005,-20410.15625,1785.1403070061326
1006,-19335.9375,1775.5272895571902
1007,-18261.71875,1771.363767321508
1008,-17187.5,1752.2749118954778
1009,-16113.28125,1804.1487983993404
1010,-15039.0625,1752.276423525305
1011,-13964.84375,1748.6555127375939
1012,-12890.625,1765.0000560713343
1013,-11816.40625,1782.099122694046
1014,-10742.1875,1775.5214315114438
1015,-9667.96875,1732.9931340555654
1016,-8593.75,1764.5067621094759
1017,-7519.53125,1767.0636165663902
1018,-6445.3125,1788.8273789720681
1019,-5371.09375,1780.8938345227502
1020,-4296.875,1759.9377438489691
1021,-3222.65625,1781.916029985701
1022,-2148.4375,1774.8153673120032
1023,-1074.21875,1761.9402707931486
1024,0.0,1743.8861001332975
1025,1074.21875,1788.3550600731983
1026,2148.4375,1768.165044258511
1027,3222.65625,1755.996461420239
1028,4296.875,1736.8631266575646
1029,5371.09375,1802.9942640855077
1030,6445.3125,1769.2362787431828
1031,7519.53125,1785.569588108223
1032,8593.75,1746.2484075679206
1033,9667.96875,1787.5082691176883
1034,10742.1875,1761.7505048089213
1035,11816.40625,1769.8302098925903
1036,12890.625,1771.2350293824106
1037,13964.84375,1742.0924989075736
1038,15039.0625,1779.7622372648484
1039,16113.28125,1788.878141646466
1040,17187.5,1782.6918100838377
1041,18261.71875,1758.9549714888938
1042,19335.9375,1715.0288021839044
1043,20410.15625,1782.9551865618255
1044,21484.375,1743.1367066368346
1045,22558.59375,1755.4182087916688
1046,23632.8125,1762.1056811881542
1047,24707.03125,1766.8655735853695
1048,25781.25,1776.259830007388
1049,26855.46875,1770.7382655329786
1050,27929.6875,1791.7679963896564
1051,29003.90625,1751.0311669817843
1052,30078.125,1796.5254600122214
1053,31152.34375,1776.9191275819194
1054,32226.5625,1757.6581985636349
1055,33300.78125,1787.0756300655435
1056,34375.0,1770.1117293809239
1057,35449.21875,1744.9422120561876
1058,36523.4375,1761.4002468730334
1059,37597.65625,1731.3177650632924
1060,38671.875,1749.4451742190286
1061,39746.09375,1777.9648774580542
1062,40820.3125,1758.9780370311837
1063,41894.53125,1786.066149053112
1064,42968.75,1749.1055424785911
1065,44042.96875,1758.9411063688342
1066,45117.1875,1777.30887556819
1067,46191.40625,1758.8812565589142
1068,47265.625,1756.968093790634
1069,48339.84375,1734.9297357884068
1070,49414.0625,1760.444315325774
1071,50488.28125,1745.737630295882
1072,51562.5,1757.092299316522
1073,52636.71875,1744.1596120977756
1074,53710.9375,1766.0052669231231
1075,54785.15625,1761.11478698469
1076,55859.375,1746.1941104296052
1077,56933.59375,1755.4062543262683
1078,58007.8125,1743.6034595186588
1079,59082.03125,1732.6658837837435
1080,60156.25,1751.6249403159811
1081,61230.46875,1734.1605342033595
1082,62304.6875,1767.8642770341876
1083,63378.90625,1752.8520616777453
1084,64453.125,1727.2822075080574
1085,65527.34375,1745.8433965272166
1086,66601.5625,1732.1040570954092
1087,67675.78125,1750.226054663386
1088,68750.0,1735.0815945207064
1089,69824.21875,1750.4456863885753
1090,70898.4375,1757.9976625457373
1091,71972.65625,1757.6414436607238
1092,73046.875,1746.0384670379258
1093,74121.09375,1732.2311545909092
1094,75195.3125,1738.8630121613235
1095,76269.53125,1735.8674319482222
1096,77343.75,1713.8979901482244
1097,78417.96875,1721.7371227558413
1098,79492.1875,1733.5257609582034
1099,80566.40625,1735.268182755091
1100,81640.625,1741.0531695452694
1101,82714.84375,1759.0081257052504
1102,83789.0625,1699.6822515676186
1103,84863.28125,1717.9074000395253
1104,85937.5,1747.2727544604459
1105,87011.71875,1722.8214213459562
1106,88085.9375,1716.0594318479727
1107,89160.15625,1704.1047926903352
1108,90234.375,1717.3888405182358
1109,91308.59375,1739.5573527628508
1110,92382.8125,1731.8455662524489
1111,93457.03125,1725.735606566624
1112,94531.25,1702.07130897431
1113,95605.46875,1701.1045433622749
1114,96679.6875,1712.6926758635755
1115,97753.90625,1716.4710302452172
1116,98828.125,1710.428250468647
1117,99902.34375,1715.8560516291116
1118,100976.5625,1711.9010879982452
1119,102050.78125,1743.0481080912791
1120,103125.0,1720.7654849974915
1121,104199.21875,1710.8948776397285
1122,105273.4375,1699.2829174953972
1123,106347.65625,1710.8621107646297
1124,107421.875,1707.237593069994
1125,108496.09375,1686.813564151685
1126,109570.3125,1700.483039543682
1127,110644.53125,1692.181647812827
1128,111718.75,1731.7541725413553
1129,112792.96875,1712.455777753976
1130,113867.1875,1678.9310346119867
1131,114941.40625,1686.3722404528364
1132,116015.625,1705.946620078301
1133,117089.84375,1686.3356890153352
1134,118164.0625,1670.5275581783394
1135,119238.28125,1717.2035568494994
1136,120312.5,1684.1813267826528
1137,121386.71875,1698.8107082476783
1138,122460.9375,1719.9791316558317
1139,123535.15625,1689.2851858543552
1140,124609.375,1700.8811955159192
1141,125683.59375,1692.2233481956337
1142,126757.8125,1668.7253653171963
1143,127832.03125,1692.8504405364663
1144,128906.25,1724.5503163983103
1145,129980.46875,1665.5315206170353
1146,131054.6875,1702.4570304635295
1147,132128.90625,1719.7418975066018
1148,133203.125,1702.6508235861666
1149,134277.34375,1676.7765513998297
1150,135351.5625,1696.8632988094475
1151,136425.78125,1696.498832625163
1152,137500.0,1734.6547056437612
1153,138574.21875,1710.4459521437616
1154,139648.4375,1717.3269174332968
1155,140722.65625,1684.5451918581598
1156,141796.875,1681.4474745330554
1157,142871.09375,1705.4744635713837
1158,143945.3125,1691.3032595860172
1159,145019.53125,1692.06567937079
1160,146093.75,1685.765747865442
1161,147167.96875,1683.5028718005158
1162,148242.1875,1674.327446510733
1163,149316.40625,1687.7316313941114
1164,150390.625,1698.6440225487345
1165,151464.84375,1693.151178047313
1166,152539.0625,1638.1736739042835
1167,153613.28125,1658.1793470443192
1168,154687.5,1681.8347378973212
1169,155761.71875,1687.5497637270992
1170,156835.9375,1644.3961354549945
1171,157910.15625,1637.3038491229197
1172,158984.375,1658.9800102592492
1173,160058.59375,1673.219071743283
1174,161132.8125,1657.0025769747588
1175,162207.03125,1671.1058057467105
1176,163281.25,1655.9913785033182
1177,164355.46875,1659.6624210511877
1178,165429.6875,1628.7059009587665
1179,166503.90625,1688.9708282646961
1180,167578.125,1676.1177486210677
1181,168652.34375,1686.7510408919845
1182,169726.5625,1640.4989771249232
1183,170800.78125,1666.7816035605624
1184,171875.0,1633.4079211006945
1185,172949.21875,1640.2351158338647
1186,174023.4375,1659.9106342040034
1187,175097.65625,1644.2980704765102
1188,176171.875,1633.032157868662
1189,177246.09375,1643.0832179644526
1190,178320.3125,1674.8319308873215
1191,179394.53125,1662.3474128017285
1192,180468.75,1631.1696187393534
1193,181542.96875,1649.1000871925437
1194,182617.1875,1670.1129661990371
1195,183691.40625,1667.194714665776
1196,184765.625,1648.7893666462016
1197,185839.84375,1647.1693035428113
1198,186914.0625,1631.004965473513
1199,187988.28125,1610.9625084927686
1200,189062.5,1653.1411974037007
1201,190136.71875,1624.6817868429637
1202,191210.9375,1633.496188791319
1203,192285.15625,1622.9020086076803
1204,193359.375,1628.2988709946355
1205,194433.59375,1633.3902111930288
1206,195507.8125,1617.4481217017767
1207,196582.03125,1652.9642322848379
1208,197656.25,1636.7685992083545
1209,198730.46875,1621.7050929583415
1210,199804.6875,1623.697253089355
1211,200878.90625,1649.55587282605
1212,201953.125,1594.5981768124334
1213,203027.34375,1649.5796404423668
1214,204101.5625,1614.3984048509633
1215,205175.78125,1628.85559822813
1216,206250.0,1639.4852380423745
1217,207324.21875,1613.0841296820017
1218,208398.4375,1620.9999413648557
1219,209472.65625,1611.1361525415477
1220,210546.875,1607.6032573304296
1221,211621.09375,1624.2424837188876
1222,212695.3125,1641.1406252607462
1223,213769.53125,1588.088433996754
1224,214843.75,1596.1041760134003
1225,215917.96875,1589.2282674578523
1226,216992.1875,1605.6279841878172
1227,218066.40625,1593.1051366760867
1228,219140.625,1576.2379493257088
1229,220214.84375,1606.1740748929735
1230,221289.0625,1576.9054365710988
1231,222363.28125,1581.2808981416576
1232,223437.5,1623.5367571410168
1233,224511.71875,1598.9769947996958
1234,225585.9375,1597.4979711916312
1235,226660.15625,1585.7733375690204
1236,227734.375,1590.0030993122068
1237,228808.59375,1601.7367709458833
1238,229882.8125,1595.3532097073696
1239,230957.03125,1576.909400788599
1240,232031.25,1597.9772543764384
1241,233105.46875,1592.6198602003283
1242,234179.6875,1591.459537777087
1243,235253.90625,1588.8813171793129
1244,236328.125,1579.7324832055372
1245,237402.34375,1630.9710842037532
1246,238476.5625,1598.0608607115832
1247,239550.78125,1622.577239313149
1248,240625.0,1589.6101588567958
1249,241699.21875,1584.2415126009748
1250,242773.4375,1555.1517690137903
1251,243847.65625,1549.5740849933627
1252,244921.875,1597.032774488099
1253,245996.09375,1605.6577035180562
1254,247070.3125,1598.9745392126692
1255,248144.53125,1605.0402645899924
1256,249218.75,1554.0342502252356
1257,250292.96875,1592.9287068417498
1258,251367.1875,1567.7321089256184
1259,252441.40625,1576.5512461243413
1260,253515.625,1591.985489595946
1261,254589.84375,1572.4584598286003
1262,255664.0625,1573.784066247757
1263,256738.28125,1592.24322203076
1264,257812.5,1590.652193953127
1265,258886.71875,1560.1002452156763
1266,259960.9375,1565.136728527851
1267,261035.15625,1576.8803611501382
1268,262109.375,1583.3086074913922
1269,263183.59375,1556.087953394595
1270,264257.8125,1575.3988592036608
1271,265332.03125,1587.953387056709
1272,266406.25,1584.0704150854624
1273,267480.46875,1585.3574996263585
1274,268554.6875,1572.2875567803565
1275,269628.90625,1578.7263331084916
1276,270703.125,1575.5154142612444
1277,271777.34375,1577.0575789489135
1278,272851.5625,1577.25402910902
1279,273925.78125,1566.9592540378405
1280,275000.0,1595.7601007519827
1281,276074.21875,1568.3437612443552
1282,277148.4375,1577.0535414656024
1283,278222.65625,1594.991299112214
1284,279296.875,1587.3847531861795
1285,280371.09375,1562.5779387482487
1286,281445.3125,1589.4498770126627
1287,282519.53125,1582.469334966478
1288,283593.75,1588.3592256117495
1289,284667.96875,1592.1443845859649
1290,285742.1875,1575.1411175102855
1291,286816.40625,1611.240091980675
1292,287890.625,1599.5993299562572
1293,288964.84375,1591.1108135209834
1294,290039.0625,1594.6827021446657
1295,291113.28125,1592.4884883517882
1296,292187.5,1595.1312869791925
1297,293261.71875,1584.1769999429648
1298,294335.9375,1602.550627227376
1299,295410.15625,1584.4835215006412
1300,296484.375,1602.5424049309838
1301,297558.59375,1627.5233216957731
1302,298632.8125,1603.8234435904847
1303,299707.03125,1620.450387723376
1304,300781.25,1632.610461852592
1305,301855.46875,1648.2742772163886
1306,302929.6875,1638.8372654633197
1307,304003.90625,1594.471583341171
1308,305078.125,1627.971195076889
1309,306152.34375,1618.7751592389748
1310,307226.5625,1635.0351342785573
1311,308300.78125,1644.404813786724
1312,309375.0,1618.8365918156335
1313,310449.21875,1653.8258842428259
1314,311523.4375,1643.9942190551487
1315,312597.65625,1650.6778723905004
1316,313671.875,1668.5594249417904
1317,314746.09375,1666.6524425990885
1318,315820.3125,1648.854813160349
1319,316894.53125,1688.567395317747
1320,317968.75,1673.2802812927912
1321,319042.96875,1661.890158086137
1322,320117.1875,1683.0189490629677
1323,321191.40625,1664.1175658717386
1324,322265.625,1704.815895194047
1325,323339.84375,1729.3030736731212
1326,324414.0625,1691.3062508651556
1327,325488.28125,1671.50999894686
1328,326562.5,1709.611118688157
1329,327636.71875,1708.0716114429317
1330,328710.9375,1723.3786237882466
1331,329785.15625,1761.2971961977134
1332,330859.375,1755.8143611631826
1333,331933.59375,1736.3748099509987
1334,333007.8125,1764.1476929106414
1335,334082.03125,1766.8976547824386
1336,335156.25,1729.3840643078026
1337,336230.46875,1759.301576588605
1338,337304.6875,1763.919879873966
1339,338378.90625,1790.6013787383586
1340,339453.125,1788.1387431529959
1341,340527.34375,1839.8721710131656
1342,341601.5625,1770.5796929618277
1343,342675.78125,1783.9808299881279
1344,343750.0,1791.4524668297342
1345,344824.21875,1815.391810453575
1346,345898.4375,1817.2211544778947
1347,346972.65625,1818.7069115884137
1348,348046.875,1804.7502457626185
1349,349121.09375,1842.8232048280686
1350,350195.3125,1825.4636635471902
1351,351269.53125,1847.6388390343357
1352,352343.75,1841.9864941895216
1353,353417.96875,1879.2139832542243
1354,354492.1875,1878.231685649274
1355,355566.40625,1882.5835954705224
1356,356640.625,1857.133409269426
1357,357714.84375,1904.4440129206396
1358,358789.0625,1899.8280565320042
1359,359863.28125,1864.4477469938033
1360,360937.5,1837.260099338555
1361,362011.71875,1919.8132630455148
1362,363085.9375,1890.476843376127
1363,364160.15625,1881.7598490024297
1364,365234.375,1907.6381020176887
1365,366308.59375,1899.346157852435
1366,367382.8125,1877.8689113215935
1367,368457.03125,1894.8450307739033
1368,369531.25,1910.0723363583854
1369,370605.46875,1907.2972142740969
1370,371679.6875,1932.3852220157723
1371,372753.90625,1893.2736708734396
1372,373828.125,1874.1684363359727
1373,374902.34375,1889.9181546527627
1374,375976.5625,1888.2016266192197
1375,377050.78125,1891.3495549932
1376,378125.0,1929.7498996252052
1377,379199.21875,1866.9810403331921
1378,380273.4375,1908.7691320030062
1379,381347.65625,1926.7908350519951
1380,382421.875,1879.3950320983465
1381,383496.09375,1907.777355892931
1382,384570.3125,1908.6382846297756
1383,385644.53125,1933.8445856475994
1384,386718.75,1931.9005854729005
1385,387792.96875,1909.6278773795698
1386,388867.1875,1948.8462431844816
1387,389941.40625,1876.8990429926782
1388,391015.625,1944.0647988251892
1389,392089.84375,1898.0414056142617
1390,393164.0625,1931.080698711797
1391,394238.28125,1915.7261317551256
1392,395312.5,1924.349325245046
1393,396386.71875,1910.874246796428
1394,397460.9375,1928.1656719430466
1395,398535.15625,1904.0248887443238
1396,399609.375,1938.4855168095633
1397,400683.59375,1929.1759808722568
1398,401757.8125,1915.7420263186034
1399,402832.03125,1912.7074221702926
1400,403906.25,1914.0709950082094
1401,404980.46875,1973.9877038337
1402,406054.6875,1895.2070767763
1403,407128.90625,1920.6700845346752
1404,408203.125,1918.5781114222489
1405,409277.34375,1913.1459271232914
1406,410351.5625,1901.613048721745
1407,411425.78125,1906.3540611466556
1408,412500.0,1940.1024220397915
1409,413574.21875,1927.0669118561293
1410,414648.4375,1894.7446828728366
1411,415722.65625,1879.9235215186827
1412,416796.875,1884.2642177726727
1413,417871.09375,1896.815585471479
1414,418945.3125,1884.0020959061724
1415,420019.53125,1888.9718473050655
1416,421093.75,1878.790844918469
1417,422167.96875,1876.2377931633239
1418,423242.1875,1861.5313136317707
1419,424316.40625,1858.9921869435977
1420,425390.625,1890.4515290952768
1421,426464.84375,1865.4820479719467
1422,427539.0625,1885.1474270891676
1423,428613.28125,1843.0564016307806
1424,429687.5,1862.690838789527
1425,430761.71875,1827.3542999445028
1426,431835.9375,1816.0914884676947
1427,432910.15625,1842.00551526252
1428,433984.375,1848.413254109256
1429,435058.59375,1817.8051025129043
1430,436132.8125,1859.3298912142866
1431,437207.03125,1788.575659411385
1432,438281.25,1794.1651431672378
1433,439355.46875,1782.4613505426441
1434,440429.6875,1819.6282125835553
1435,441503.90625,1829.9471674343467
1436,442578.125,1799.0178133308768
1437,443652.34375,1774.3181701930553
1438,444726.5625,1803.605550820439
1439,445800.78125,1809.719754297411
1440,446875.0,1769.1219513404305
1441,447949.21875,1741.343608342101
1442,449023.4375,1790.2049559292384
1443,450097.65625,1779.5238047800246
1444,451171.875,1767.888673386358
1445,452246.09375,1750.693423962083
1446,453320.3125,1743.4646714581286
1447,454394.53125,1724.137727625944
1448,455468.75,1774.4228631485846
1449,456542.96875,1718.8515403252388
1450,457617.1875,1725.643458655142
1451,458691.40625,1782.5827787961334
1452,459765.625,1755.5019434268702
1453,460839.84375,1746.7969804739982
1454,461914.0625,1717.1465235103983
1455,462988.28125,1722.656064437988
1456,464062.5,1691.846509239082
1457,465136.71875,1745.14541336754
1458,466210.9375,1730.326562387228
1459,467285.15625,1743.3240619865269
1460,468359.375,1720.9155251776833
1461,469433.59375,1735.9150185039136
1462,470507.8125,1723.7995820477042
1463,471582.03125,1722.299749906686
1464,472656.25,1712.3430778668
1465,473730.46875,1693.5676817416252
1466,474804.6875,1716.5624453325324
1467,475878.90625,1678.1016874194709
1468,476953.125,1730.494223207286
1469,478027.34375,1721.527371488242
1470,479101.5625,1718.336619799452
1471,480175.78125,1745.82957485031
1472,481250.0,1726.994192050537
1473,482324.21875,1696.7490069733608
1474,483398.4375,1713.3546467884191
1475,484472.65625,1720.4392854286127
1476,485546.875,1724.3741532096956
1477,486621.09375,1733.0986553595167
1478,487695.3125,1738.1844695031177
1479,488769.53125,1703.9438104948715
1480,489843.75,1699.6324301923032
1481,490917.96875,1735.3078156157576
1482,491992.1875,1726.4490668705873
1483,493066.40625,1716.4140281763616
1484,494140.625,1744.718617505747
1485,495214.84375,1705.0136721992078
1486,496289.0625,1767.2041385307105
1487,497363.28125,1709.923874471039
1488,498437.5,1718.2269979994294
1489,499511.71875,1748.1782306935324
1490,500585.9375,1739.7741262843483
1491,501660.15625,1727.9904816863566
1492,502734.375,1725.8975428159076
1493,503808.59375,1714.6218449500777
1494,504882.8125,1751.1627120586536
1495,505957.03125,1748.4017043405834
1496,507031.25,1732.0773410310555
1497,508105.46875,1720.235415539947
1498,509179.6875,1740.6925086209505
1499,510253.90625,1774.830827035329
1500,511328.125,1758.9453098229963
1501,512402.34375,1786.0261864957263
1502,513476.5625,1751.6285043886285
1503,514550.78125,1764.438787781011
1504,515625.0,1754.596572695572
1505,516699.21875,1742.1602210884273
1506,517773.4375,1778.8442940809257
1507,518847.65625,1752.826891194368
1508,519921.875,1755.9605380831897
1509,520996.09375,1756.2280895878248
1510,522070.3125,1751.2970514335186
1511,523144.53125,1779.786925716908
1512,524218.75,1787.675551528411
1513,525292.96875,1765.1276653947211
1514,526367.1875,1784.580596165381
1515,527441.40625,1785.8962452661015
1516,528515.625,1731.415865156275
1517,529589.84375,1755.9137544651699
1518,530664.0625,1822.1813988047577
1519,531738.28125,1749.3156322724756
1520,532812.5,1765.373311603198
1521,533886.71875,1776.659148655497
1522,534960.9375,1793.5814688759256
1523,536035.15625,1779.8140340416492
1524,537109.375,1797.4552819315375
1525,538183.59375,1788.3550297601014
1526,539257.8125,1803.977764739998
1527,540332.03125,1805.41648722784
1528,541406.25,1813.2456617377597
1529,542480.46875,1817.4399974141904
1530,543554.6875,1814.027550101126
1531,544628.90625,1802.7166170534597
1532,545703.125,1788.045489681467
1533,546777.34375,1808.2490077479263
1534,547851.5625,1798.4299772688646
1535,548925.78125,1815.2594400052803
1536,550000.0,1802.9425577168938
1537,551074.21875,1810.3300740659035
1538,552148.4375,1778.7746275419652
1539,553222.65625,1770.2864046279617
1540,554296.875,1794.958092180827
1541,555371.09375,1795.482069647176
1542,556445.3125,1822.1440914373798
1543,557519.53125,1789.1153142897945
1544,558593.75,1793.6809994408186
1545,559667.96875,1812.8890247305937
1546,560742.1875,1823.669704915339
1547,561816.40625,1839.6662753311955
1548,562890.625,1821.466965646039
1549,563964.84375,1810.90657116605
1550,565039.0625,1821.106284993286
1551,566113.28125,1817.9145390869235
1552,567187.5,1831.817370523048
1553,568261.71875,1864.0058727185078
1554,569335.9375,1839.1681987481206
1555,570410.15625,1824.2691415163551
1556,571484.375,1850.5701101490888
1557,572558.59375,1817.8210811797858
1558,573632.8125,1835.4962819996151
1559,574707.03125,1818.476898145105
1560,575781.25,1886.940181000674
1561,576855.46875,1851.1785183182
1562,577929.6875,1852.1985837676361
1563,579003.90625,1857.640867281421
1564,580078.125,1835.3381153553341
1565,581152.34375,1849.083807574086
1566,582226.5625,1848.7392383795866
1567,583300.78125,1897.4877344403624
1568,584375.0,1816.1743600396346
1569,585449.21875,1889.266568802278
1570,586523.4375,1855.7946220673412
1571,587597.65625,1855.7813634782165
1572,588671.875,1852.1093986485112
1573,589746.09375,1846.914419732475
1574,590820.3125,1889.8053335402005
1575,591894.53125,1878.0232586609427
1576,592968.75,1862.6423779894196
1577,594042.96875,1883.337649774174
1578,595117.1875,1885.5689884882718
1579,596191.40625,1871.0095430956173
1580,597265.625,1876.6281966692325
1581,598339.84375,1907.2649896633736
1582,599414.0625,1906.035748013335
1583,600488.28125,1902.6414131041784
1584,601562.5,1877.4201517899505
1585,602636.71875,1894.054456677555
1586,603710.9375,1877.333477900821
1587,604785.15625,1877.8413365384083
1588,605859.375,1881.767226468474
1589,606933.59375,1868.6418672313605
1590,608007.8125,1894.7704660147037
1591,609082.03125,1906.952403964959
1592,610156.25,1927.1424704536728
1593,611230.46875,1854.6137472822647
1594,612304.6875,1905.2028351494268
1595,613378.90625,1868.9440566146873
1596,614453.125,1884.6154190155287
1597,615527.34375,1887.2453891898535
1598,616601.5625,1912.0304348392565
1599,617675.78125,1868.0777271575928
1600,618750.0,1899.9355133780118
1601,619824.21875,1884.7199124947942
1602,620898.4375,1892.053594364468
1603,621972.65625,1886.2303594716527
1604,623046.875,1884.1613989994646
1605,624121.09375,1871.4501009678893
1606,625195.3125,1877.6127819716125
1607,626269.53125,1904.9479068819228
1608,627343.75,1886.8060797918063
1609,628417.96875,1878.8064355875183
1610,629492.1875,1875.4492457505564
1611,630566.40625,1905.3430492461887
1612,631640.625,1844.2052956182558
1613,632714.84375,1881.5172016421013
1614,633789.0625,1918.5970338521215
1615,634863.28125,1881.516537652837
1616,635937.5,1884.7764538550812
1617,637011.71875,1896.3699686873474
1618,638085.9375,1905.9768967060852
1619,639160.15625,1895.9598514676743
1620,640234.375,1854.3117241797418
1621,641308.59375,1894.9417207076933
1622,642382.8125,1883.2582492786903
1623,643457.03125,1853.6014231816682
1624,644531.25,1908.0818806311622
1625,645605.46875,1883.7790696591642
1626,646679.6875,1885.9043803420502
1627,647753.90625,1833.6432272158556
1628,648828.125,1861.7070288016062
1629,649902.34375,1893.733973074988
1630,650976.5625,1877.386345598197
1631,652050.78125,1851.5804907732106
1632,653125.0,1873.638762635535
1633,654199.21875,1847.6531769494727
1634,655273.4375,1862.9359412649144
1635,656347.65625,1868.1513549386893
1636,657421.875,1854.8212075212214
1637,658496.09375,1867.7061061171028
1638,659570.3125,1837.2786421748485
1639,660644.53125,1855.8705217566612
1640,661718.75,1844.7738251605329
1641,662792.96875,1847.5008061563994
1642,663867.1875,1833.8375687019259
1643,664941.40625,1828.3617777426152
1644,666015.625,1830.4460021715959
1645,667089.84375,1872.5180357815236
1646,668164.0625,1844.721395583283
1647,669238.28125,1832.0996346163117
1648,670312.5,1809.987988319944
1649,671386.71875,1821.073585405967
1650,672460.9375,1835.3693489215352
1651,673535.15625,1850.6148270682893
1652,674609.375,1846.4929038137589
1653,675683.59375,1839.280188303896
1654,676757.8125,1832.753148414299
1655,677832.03125,1804.309139427632
1656,678906.25,1823.0676540864206
1657,679980.46875,1794.5941628550383
1658,681054.6875,1803.2234443663665
1659,682128.90625,1813.038793826509
1660,683203.125,1819.317433822155
1661,684277.34375,1820.270662739008
1662,685351.5625,1797.31000798852
1663,686425.78125,1784.8049200204766
1664,687500.0,1816.7152138292506
1665,688574.21875,1820.1958282393646
1666,689648.4375,1811.8047074971475
1667,690722.65625,1812.4402462295704
1668,691796.875,1786.5643600682497
1669,692871.09375,1788.3876084330666
1670,693945.3125,1765.2467754541296
1671,695019.53125,1787.5563976167593
1672,696093.75,1796.586667539879
1673,697167.96875,1804.6901180871666
1674,698242.1875,1780.2414187788177
1675,699316.40625,1756.108467807827
1676,700390.625,1767.342057133178
1677,701464.84375,1762.0896869445958
1678,702539.0625,1769.4865564877373
1679,703613.28125,1797.647993075066
1680,704687.5,1745.3268062630798
1681,705761.71875,1769.8015127295027
1682,706835.9375,1735.3551660528562
1683,707910.15625,1730.1993932310997
1684,708984.375,1756.0676643922639
1685,710058.59375,1767.584716338683
1686,711132.8125,1754.9597979685973
1687,712207.03125,1712.9798151611656
1688,713281.25,1763.4439655754738
1689,714355.46875,1765.306334517434
1690,715429.6875,1815.2087815797602
1691,716503.90625,1712.5991558498852
1692,717578.125,1740.6955534414933
1693,718652.34375,1734.605164969051
1694,719726.5625,1736.6013060416444
1695,720800.78125,1708.1542590003564
1696,721875.0,1724.5776106159508
1697,722949.21875,1723.9887521605965
1698,724023.4375,1700.9455770912684
1699,725097.65625,1702.0085040731897
1700,726171.875,1712.0075379816078
1701,727246.09375,1694.9049126009177
1702,728320.3125,1690.5710257651247
1703,729394.53125,1729.9417559594262
1704,730468.75,1704.8371847553487
1705,731542.96875,1715.8693127261843
1706,732617.1875,1678.8827567025448
1707,733691.40625,1686.4770622576914
1708,734765.625,1686.3128542442068
1709,735839.84375,1698.7927458006486
1710,736914.0625,1684.547525160692
1711,737988.28125,1687.0514746673152
1712,739062.5,1651.0887909219157
1713,740136.71875,1684.6896450717825
1714,741210.9375,1682.357474795055
1715,742285.15625,1696.8801949895621
1716,743359.375,1672.5228135236375
1717,744433.59375,1674.306424779107
1718,745507.8125,1678.2252815262248
1719,746582.03125,1678.7563644097563
1720,747656.25,1668.1051562862842
1721,748730.46875,1697.2797588113215
1722,749804.6875,1695.5038063222623
1723,750878.90625,1650.8809187890947
1724,751953.125,1620.74396649936
1725,753027.34375,1644.13983607934
1726,754101.5625,1636.5656451403418
1727,755175.78125,1659.6757727538165
1728,756250.0,1618.7438891941902
1729,757324.21875,1628.2905917021383
1730,758398.4375,1631.7833322334793
1731,759472.65625,1632.6331736248712
1732,760546.875,1644.2358318149534
1733,761621.09375,1638.3036001267049
1734,762695.3125,1626.086727414703
1735,763769.53125,1630.9101677026374
1736,764843.75,1615.6625112702186
1737,765917.96875,1658.456821664276
1738,766992.1875,1630.5276003465601
1739,768066.40625,1625.6122900911046
1740,769140.625,1612.857525515426
1741,770214.84375,1602.2509643386256
1742,771289.0625,1613.220794226647
1743,772363.28125,1630.1270814206755
1744,773437.5,1583.528269179365
1745,774511.71875,1579.2193261325258
1746,775585.9375,1595.4274900529892
1747,776660.15625,1579.3804537845997
1748,777734.375,1609.3495736805103
1749,778808.59375,1608.5667061736856
1750,779882.8125,1580.8116649808708
1751,780957.03125,1586.2052080999774
1752,782031.25,1555.8260755205
1753,783105.46875,1592.4896080190133
1754,784179.6875,1547.1538104360402
1755,785253.90625,1590.260237075427
1756,786328.125,1563.910373764965
1757,787402.34375,1589.4966093847806
1758,788476.5625,1535.939147834624
1759,789550.78125,1543.8302697201814
1760,790625.0,1544.9149116819385
1761,791699.21875,1587.5946697782044
1762,792773.4375,1550.8283313885286
1763,793847.65625,1569.936946366671
1764,794921.875,1561.8932543081671
1765,795996.09375,1536.7483555743634
1766,797070.3125,1544.861665757673
1767,798144.53125,1533.0410552778724
1768,799218.75,1530.1611937087346
1769,800292.96875,1543.5346639323834
1770,801367.1875,1517.500125780524
1771,802441.40625,1502.417757346055
1772,803515.625,1536.0336446208273
1773,804589.84375,1498.76359621015
1774,805664.0625,1525.8606653451748
1775,806738.28125,1484.1880179062207
1776,807812.5,1494.8571162138164
1777,808886.71875,1506.852649268899
1778,809960.9375,1504.387295389542
1779,811035.15625,1495.4995966790602
1780,812109.375,1506.4826996783554
1781,813183.59375,1525.444474191001
1782,814257.8125,1469.6889431482007
1783,815332.03125,1483.4772047559316
1784,816406.25,1481.3250051929222
1785,817480.46875,1469.8990271605578
1786,818554.6875,1486.0181426903434
1787,819628.90625,1456.92462884799
1788,820703.125,1492.4231685893508
1789,821777.34375,1476.6591101198208
1790,822851.5625,1456.4247407284595
1791,823925.78125,1482.2510103369611
1792,825000.0,1449.5842124621454
1793,826074.21875,1447.9920915170123
1794,827148.4375,1467.9332864787582
1795,828222.65625,1450.1203602129572
1796,829296.875,1450.4708977446971
1797,830371.09375,1425.9597101958245
1798,831445.3125,1449.1456993585973
1799,832519.53125,1417.18085098381
1800,833593.75,1422.3891206958415
1801,834667.96875,1400.5685846054198
1802,835742.1875,1416.0041713691414
1803,836816.40625,1439.7909415584131
1804,837890.625,1402.2712480775274
1805,838964.84375,1414.5661703869475
1806,840039.0625,1406.3883473654494
1807,841113.28125,1408.8916130012606
1808,842187.5,1383.3481592940136
1809,843261.71875,1392.4775705709944
1810,844335.9375,1408.8759777171272
1811,845410.15625,1379.2553265561937
1812,846484.375,1366.8322059310246
1813,847558.59375,1351.8999612582668
1814,848632.8125,1368.8026571610217
1815,849707.03125,1356.2271806214335
1816,850781.25,1363.1881104859651
1817,851855.46875,1355.6635695039324
1818,852929.6875,1341.0975601532568
1819,854003.90625,1338.4296588315653
1820,855078.125,1368.3268015749522
1821,856152.34375,1327.0138196447076
1822,857226.5625,1308.7778916693478
1823,858300.78125,1313.4839089659438
1824,859375.0,1339.9450346610688
1825,860449.21875,1333.0864326618212
1826,861523.4375,1305.8755669058862
1827,862597.65625,1300.0038807023814
1828,863671.875,1323.3584316913384
1829,864746.09375,1318.7358927511516
1830,865820.3125,1290.3740332497796
1831,866894.53125,1287.2084800099783
1832,867968.75,1288.2146426554305
1833,869042.96875,1261.7752839107961
1834,870117.1875,1274.9999599242255
1835,871191.40625,1290.000351881126
1836,872265.625,1274.1498215274908
1837,873339.84375,1271.4961546879356
1838,874414.0625,1252.3015444174887
1839,875488.28125,1259.9917823071494
1840,876562.5,1242.0852662090454
1841,877636.71875,1258.3138233009242
1842,878710.9375,1252.3348690470623
1843,879785.15625,1228.7338415243214
1844,880859.375,1236.3772866524992
1845,881933.59375,1229.318384197494
1846,883007.8125,1222.5185154400067
1847,884082.03125,1223.4083506288764
1848,885156.25,1203.9433746149075
1849,886230.46875,1229.5684860121478
1850,887304.6875,1201.6972953109778
1851,888378.90625,1199.1179287387688
1852,889453.125,1187.1314325340209
1853,890527.34375,1190.0681074011018
1854,891601.5625,1191.439672384497
1855,892675.78125,1194.1276299401522
1856,893750.0,1186.3721259896631
1857,894824.21875,1157.271671422171
1858,895898.4375,1163.5793784152743
1859,896972.65625,1176.5882238155702
1860,898046.875,1158.5388490779753
1861,899121.09375,1134.1441279832595
1862,900195.3125,1139.239327808126
1863,901269.53125,1123.7198503691973
1864,902343.75,1150.9494362588775
1865,903417.96875,1125.390005098096
1866,904492.1875,1127.3882647203875
1867,905566.40625,1136.7662104360809
1868,906640.625,1126.9510510501307
1869,907714.84375,1119.3808011318374
1870,908789.0625,1126.2956342056675
1871,909863.28125,1112.9356471635574
1872,910937.5,1086.394523262787
1873,912011.71875,1116.7959892741003
1874,913085.9375,1107.1712895711587
1875,914160.15625,1110.2399793025068
1876,915234.375,1079.4928211399922
1877,916308.59375,1081.8184898271904
1878,917382.8125,1088.503996708279
1879,918457.03125,1067.6525122596636
1880,919531.25,1069.929684331395
1881,920605.46875,1068.3044059383435
1882,921679.6875,1065.4958634528489
1883,922753.90625,1053.9447513064022
1884,923828.125,1053.3901495465839
1885,924902.34375,1045.6202260351636
1886,925976.5625,1055.2479328563638
1887,927050.78125,1033.9862262880906
1888,928125.0,1043.111232345466
1889,929199.21875,1044.497364360578
1890,930273.4375,1032.8479611708572
1891,931347.65625,1017.7620831406651
1892,932421.875,997.8706044183593
1893,933496.09375,1024.7534093205193
1894,934570.3125,997.8887935298192
1895,935644.53125,1010.9563803712591
1896,936718.75,1005.9478390802852
1897,937792.96875,998.641860105017
1898,938867.1875,968.5726486081287
1899,939941.40625,985.3483774223608
1900,941015.625,983.2411631152141
1901,942089.84375,973.347059890353
1902,943164.0625,979.1842523586797
1903,944238.28125,969.870406106199
1904,945312.5,958.6762762976294
1905,946386.71875,967.8290392694581
1906,947460.9375,967.3582450730369
1907,948535.15625,950.4817381532154
1908,949609.375,942.551892706313
1909,950683.59375,937.2271834797176
1910,951757.8125,938.0474928199202
1911,952832.03125,920.3587147213199
1912,953906.25,924.397897921009
1913,954980.46875,933.8228392725907
1914,956054.6875,914.7839650443156
1915,957128.90625,917.2399267049562
1916,958203.125,907.2406024785031
1917,959277.34375,927.3069993383624
1918,960351.5625,896.9075732484506
1919,961425.78125,910.718808130629
1920,962500.0,887.8673860149406
1921,963574.21875,884.9182427084653
1922,964648.4375,891.1362149175362
1923,965722.65625,893.1865335244357
1924,966796.875,885.9321249503706
1925,967871.09375,884.7870173066607
1926,968945.3125,865.0686423822352
1927,970019.53125,878.1878041918654
1928,971093.75,867.7510415612826
1929,972167.96875,862.8047028958761
1930,973242.1875,869.6371474596053
1931,974316.40625,854.5543742750473
1932,975390.625,854.6060834369263
1933,976464.84375,841.990717682826
1934,977539.0625,841.4778339496605
1935,978613.28125,830.6241095533354
1936,979687.5,827.5837328925683
1937,980761.71875,832.1839733408995
1938,981835.9375,839.6897016668022
1939,982910.15625,843.2330444764744
1940,983984.375,838.931200795411
1941,985058.59375,817.8199523250998
1942,986132.8125,823.8591472441412
1943,987207.03125,811.8761670769387
1944,988281.25,804.9852790875797
1945,989355.46875,798.3715889944657
1946,990429.6875,788.2048423342364
1947,991503.90625,802.9309500927947
1948,992578.125,797.8462458441379
1949,993652.34375,788.3056817076163
1950,994726.5625,794.7136674096316
1951,995800.78125,787.2454701286217
1952,996875.0,775.9877271326707
1953,997949.21875,788.2570604413063
1954,999023.4375,787.6424299621807
1955,1000097.65625,778.0933255080644
1956,1001171.875,770.2085562969735
1957,1002246.09375,761.6083775253086
1958,1003320.3125,758.3071566663234
1959,1004394.53125,755.2356650303642
1960,1005468.75,753.7520590872698
1961,1006542.96875,768.98056489546
1962,1007617.1875,742.3058604746839
1963,1008691.40625,737.6575238463009
1964,1009765.625,754.9703952784913
1965,1010839.84375,732.2053611348024
1966,1011914.0625,728.6074660882045
1967,1012988.28125,739.183297053835
1968,1014062.5,731.5123820911796
1969,1015136.71875,722.5202403744973
1970,1016210.9375,726.7618215944831
1971,1017285.15625,715.0742302725498
1972,1018359.375,707.093400682146
1973,1019433.59375,734.3701725746888
1974,1020507.8125,723.1847073842117
1975,1021582.03125,718.4834628776761
1976,1022656.25,709.9878203455748
1977,1023730.46875,716.9192552674099
1978,1024804.6875,698.4972534118515
1979,1025878.90625,704.7259222105059
1980,1026953.125,707.2936598991313
1981,1028027.34375,686.142261247717
1982,1029101.5625,690.0509956862767
1983,1030175.78125,688.836463636125
1984,1031250.0,689.364689214277
1985,1032324.21875,684.0878260271205
1986,1033398.4375,683.0844744065274
1987,1034472.65625,685.8619088404047
1988,1035546.875,669.9496159534651
1989,1036621.09375,682.5738653710716
1990,1037695.3125,661.1548103154128
1991,1038769.53125,677.089064974573
1992,1039843.75,660.601878881609
1993,1040917.96875,664.0544949463737
1994,1041992.1875,654.4327729223314
1995,1043066.40625,656.178793482402
1996,1044140.625,662.4839204923218
1997,1045214.84375,650.9369038824145
1998,1046289.0625,653.9020410033687
1999,1047363.28125,660.7193621995756
2000,1048437.5,647.9841166211015
2001,1049511.71875,643.3671857501316
2002,1050585.9375,652.2619984109317
2003,1051660.15625,639.0559060894644
2004,1052734.375,637.731109446805
2005,1053808.59375,637.4040370213539
2006,1054882.8125,647.3139809340518
2007,1055957.03125,644.0754312407475
2008,1057031.25,635.7804220311302
2009,1058105.46875,639.3050569011111
2010,1059179.6875,630.2462709293246
2011,1060253.90625,621.8370176083097
2012,1061328.125,625.9046227200583
2013,1062402.34375,639.1441250015702
2014,1063476.5625,626.0078870727717
2015,1064550.78125,623.4413161332303
2016,1065625.0,623.2680546511748
2017,1066699.21875,620.4124467240007
2018,1067773.4375,626.9583022796289
2019,1068847.65625,626.084673736503
2020,1069921.875,611.7128107892852
2021,1070996.09375,615.4226625181777
2022,1072070.3125,611.7117511031827
2023,1073144.53125,619.4495799372468
2024,1074218.75,617.3953752792099
2025,1075292.96875,610.779888833849
2026,1076367.1875,614.3334521274521
2027,1077441.40625,605.5999551819074
2028,1078515.625,623.391384658278
2029,1079589.84375,609.224098739334
2030,1080664.0625,603.0840897586168
2031,1081738.28125,610.2752291829366
2032,1082812.5,612.0828494903458
2033,1083886.71875,605.8059104117801
2034,1084960.9375,608.8352413865953
2035,1086035.15625,592.2185623954309
2036,1087109.375,600.8659777523008
2037,1088183.59375,594.8832997175073
2038,1089257.8125,598.3612330007044
2039,1090332.03125,602.4308178958894
2040,1091406.25,606.9744287809057
2041,1092480.46875,605.3064169494929
2042,1093554.6875,603.6639312787778
2043,1094628.90625,603.4976504925178
2044,1095703.125,610.796814909815
2045,1096777.34375,603.3966268232253
2046,1097851.5625,599.6601635943279
2047,1098925.78125,603.305815467672
